product_id,product_name,category,unit,unit_size,dimension,pack_size,conversion_factor,shelf_life_days
P001,Milk,dairy,liters,,,1,1,3
P002,Chicken,meat,kg,,,1,1,3
P003,Beef,meat,kg,,,1,1,3
P004,Rice,grain,kg,,,1,1,30
P005,Flour,grain,kg,,,1,1,30
P006,Cheese,dairy,kg,,,1,1,3
P007,Cooking Oil,oil,liters,,,1,1,30
P008,Eggs,protein,pieces,,,1,1,30
P009,Bread,bakery,pieces,,,1,1,30
P010,Pizza Dough,bakery,pieces,,,1,1,30
P011,Pizza Base 12-inch,bakery,pieces,,12-inch,1,1,30
P012,Pizza Base 14-inch,bakery,pieces,,14-inch,1,1,30
P013,Pizza Base 16-inch,bakery,pieces,,16-inch,1,1,30
P014,Soft Drink,beverage,bottles,,,1,1,30
P015,Bottled Water,beverage,bottles,,,1,1,30
P016,Coffee,beverage,kg,,,1,1,30
P017,Tea,beverage,kg,,,1,1,30
P018,Tomatoes,vegetable,kg,,,1,1,3
P019,Potatoes,vegetable,kg,,,1,1,3
P020,Packaging Box,packaging,pieces,,,1,1,30
